0,15.0000000022002
0.04,15.7200000064627
0.08,16.4400000018668
0.12,17.1599999948825
0.16,17.8800000059408
0.2,18.6000000048926
0.24,19.3199999978799
0.28,20.0399999973604
0.32,20.7599999981722
0.36,21.4800000013959
0.4,22.2000000010121
0.44,22.9199999758802
0.48,23.640000034135
0.52,24.3599999950365
0.56,25.0799999797703
0.6,25.8000000286462
0.64,26.5199999942031
0.68,27.2400000092715
0.72,27.9600000151151
0.76,28.6800000020651
0.8,29.4000000218975
0.84,30.1199999889658
0.88,30.8400000108273
0.92,31.5599999844651
0.96,32.280000009623
1,33.000000010708
1.04,33.7199999749862
1.08,34.4400000290952
1.12,35.1600000152582
1.16,35.879999970663
1.2,36.6000000069794
1.24,37.3200000067449
1.28,38.0399999939833
1.32,38.7599999872634
1.36,39.4800000238166
1.4,40.1999999900796
1.44,40.9199999718816
1.48,41.6399999946441
1.52,42.3599999760403
1.56,43.0799999954551
1.6,43.7999999985278
1.64,44.5200000023104
1.68,45.2399999901943
1.72,45.9599999912628
1.76,46.6799999682526
1.8,47.4000000275582
1.84,48.1200000080175
1.88,48.8400000125659
1.92,49.5600000003848
1.96,50.2799999944455
2,51.0000000104558
2.04,51.7199999736398
2.08,52.4400000008605
2.12,53.1599999965915
2.16,53.8799999969187
2.2,54.5999999925203
2.24,55.3199999659595
2.28,56.0399999997364
2.32,56.7599999970868
2.36,57.4799999871825
2.4,58.1999999897573
2.44,58.9199999858427
2.48,59.6242731027566
2.52,59.9123845383694
2.56,59.9575626673896
2.6,59.9764633868084
2.64,59.9925767620716
2.68,59.999999314523
2.72,59.9999999926654
2.76,60.0000000329405
2.8,59.9999999831596
2.84,59.9999999912221
2.88,59.999999999911
2.92,60.0000000107632
2.96,60.0000000108593
3,60.0000000129918
3.04,59.9999999913326
3.08,59.9999999721939
3.12,59.9999999698619
3.16,59.9999999811058
3.2,59.9999999939095
3.24,59.9999999922752
3.28,59.9999999966373
3.32,59.9999999626852
3.36,59.9999999924198
3.4,59.9999999676701
3.44,59.9999999688365
3.48,59.9999999720749
3.52,60.0000000338736
3.56,59.9999999497926
3.6,60.0000000184704
3.64,59.9999999878529
3.68,60.0000000183771
3.72,60.00000001396
3.76,59.999999980394
3.8,59.9999999587721
3.84,60.0000000435628
3.88,59.9999999291665
3.92,60.0000000099772
3.96,60.0000001473652
4,60.000000041609
4.04,59.9999999806066
4.08,59.9999999850164
4.12,60.0000000476643
4.16,59.9999999903414
4.2,59.9999999456325
4.24,59.9999999803437
4.28,59.9999998822939
4.32,60.0000000518578
4.36,60.0000000824697
4.4,59.9999997916192
4.44,60.0000002177822
4.48,60.0000001148727
4.52,59.9999998879015
4.56,59.9999892271329
4.6,60.0000068507664
4.64,59.9999967901268
4.68,60.0000003006572
4.72,60.0000001725683
4.76,60.0000000760354
4.8,60.0000000173996
4.84,60.0000001157893
4.88,60.0000000319774
4.92,59.99999976867
4.96,59.999999988566
5,60.0000001261818
5.04,59.9999999638415
5.08,60.0000000270469
5.12,60.0000000110045
5.16,60.0000000690809
5.2,59.9999999903711
5.24,59.9999999639621
5.28,60.0000000698981
5.32,59.9999999887347
5.36,59.9999999360694
5.4,60.0000000695164
5.44,60.0000000637889
5.48,59.9999999911966
5.52,59.999999967033
5.56,59.9999999522402
5.6,60.0000000198352
5.64,60.0000000147709
5.68,59.9999999918724
5.72,59.9999999880221
5.76,59.999999933492
5.8,59.9999999249895
5.84,59.9999999693044
5.88,59.9999998842484
5.92,59.9999994278649
5.96,60.0000354451313
6,59.9999994483983
6.04,59.9999998633862
6.08,59.9999999662847
6.12,59.9999999927051
6.16,59.9999999812338
6.2,59.9999999848042
6.24,59.9999999986896
6.28,60.0000000047597
6.32,60.0000000162029
6.36,60.0000000200782
6.4,59.9999999846813
6.44,59.9999999923068
6.48,59.9999999900057
6.52,59.9999999877612
6.56,59.9999999872054
6.6,59.9999999928706
6.64000000000001,59.999999994996
6.68000000000001,59.9999999968414
6.72000000000001,59.9999999904935
6.76000000000001,60.0000000124106
6.80000000000001,60.0000000040217
6.84000000000001,60.0000000090002
6.88000000000001,60.0000000010676
6.92000000000001,59.9999999904083
6.96000000000001,59.9999999935996
7.00000000000001,59.999999989092
7.04000000000001,60.0000000109337
7.08000000000001,59.9999999888898
7.12000000000001,59.9999999961864
7.16000000000001,60.0000000080062
7.20000000000001,60.0000000002604
7.24000000000001,60.0000000032784
7.28000000000001,59.9999999991269
7.32000000000001,59.9999999870951
7.36000000000001,60.0000000322114
7.40000000000001,60.0000000115616
7.44000000000001,60.0000000180464
7.48000000000001,59.999999967094
7.52000000000001,60.0000000123818
7.56000000000001,60.0000000108639
7.60000000000001,60.0000000536046
7.64000000000001,59.9999999535514
7.68000000000001,60.0000000128611
7.72000000000001,60.0000000263147
7.76000000000001,59.9999999565752
7.80000000000001,60.0000000054924
7.84000000000001,60.0000000150046
7.88000000000001,59.9999999794869
7.92000000000001,60.0000000155178
7.96000000000001,59.9999999864518
8.00000000000001,60.0000000083843
8.04,59.9999999804143
8.08,59.9999999793528
8.12,60.0000000095993
8.16,59.9999999809038
8.2,60.0000000181805
8.24,60.0000000215701
8.28,59.9999999524754
8.32,60.0000000392569
8.36,59.9999999431309
8.4,60.0000000521331
8.44,59.9999999377115
8.48,60.0000000470772
8.51999999999999,59.9999999436054
8.55999999999999,60.000000037548
8.59999999999999,59.9999999782937
8.63999999999999,59.9999999951563
8.67999999999999,59.9999999689239
8.71999999999999,59.9999999353683
8.75999999999999,60.000000020515
8.79999999999999,59.9999999260682
8.83999999999999,59.9999999735423
8.87999999999999,59.9999999808333
8.91999999999999,60.00000001207
8.95999999999998,59.9999999748635
8.99999999999998,59.9999999995299
9.03999999999998,59.9999999814765
9.07999999999998,60.0000000021825
9.11999999999998,59.9999999943191
9.15999999999998,59.9999999940538
9.19999999999998,60.0000000165706
9.23999999999998,59.9999999806099
9.27999999999998,59.9999999916629
9.31999999999998,60.0000000201032
9.35999999999998,59.9999999666906
9.39999999999998,60.0000000276997
9.43999999999997,59.9999999702323
9.47999999999997,60.000000035875
9.51999999999997,59.999999908294
9.55999999999997,60.0000000491771
9.59999999999997,59.9999999487582
9.63999999999997,60.0000000064714
9.67999999999997,60.0000000024873
9.71999999999997,60.0000000582857
9.75999999999997,59.9999999571893
9.79999999999997,59.9999999207187
9.83999999999997,60.0000001678691
9.87999999999997,59.9999999561893
9.91999999999996,59.9999999444836
9.95999999999996,60.0000000606142
9.99999999999996,59.9999999869299
10.04,60.0000000822495
10.08,59.9999999147598
10.12,60.0000001020712
10.16,60.0000000474863
10.2,59.9999999651664
10.24,59.9999998259576
10.28,59.9999999284874
10.32,60.0000001875536
10.36,59.9999996162424
10.4,60.0000003066675
10.44,59.9999998471137
10.48,60.0000003058771
10.52,59.9999998206465
10.56,59.9999999184192
10.5999999999999,60.0000013003072
10.6399999999999,60.0000033953453
10.6799999999999,60.0000003896404
10.7199999999999,59.9999997978478
10.7599999999999,60.0000000621736
10.7999999999999,60.0000000488215
10.8399999999999,60.0000001680985
10.8799999999999,60.0000001240314
10.9199999999999,60.0000000309522
10.9599999999999,60.0000001009278
10.9999999999999,60.0000000040501
11.0399999999999,60.0000000141107
11.0799999999999,60.0000000668256
11.1199999999999,60.0000000674548
11.1599999999999,60.0000000547979
11.1999999999999,60.0000000617163
11.2399999999999,60.0000000005024
11.2799999999999,59.9999999804048
11.3199999999999,60.0000000029973
11.3599999999999,60.000000004689
11.3999999999999,60.0000000099031
11.4399999999999,60.0000000194869
11.4799999999999,60.0000000142452
11.5199999999999,60.0000000205819
11.5599999999999,60.0000000169929
11.5999999999999,60.0000000081959
11.6399999999999,60.0000000069709
11.6799999999999,60.000000014575
11.7199999999999,60.0000000036697
11.7599999999999,59.9999999846495
11.7999999999999,59.999999991176
11.8399999999999,59.9999999688456
11.8799999999999,59.9999999049545
11.9199999999999,59.9999995197164
11.9599999999999,60.0000317850656
11.9999999999999,59.9999994915771
12.0399999999999,59.9999998640573
12.0799999999999,59.9999999723686
12.1199999999999,59.9999999733384
12.1599999999999,59.9999999798338
12.1999999999999,59.999999982781
12.2399999999999,59.9999999854965
12.2799999999999,60.0000000178479
12.3199999999999,59.9999999863895
12.3599999999999,60.0000000110126
12.3999999999999,60.0000000223079
12.4399999999999,59.9999999910477
12.4799999999999,60.0000000057953
12.5199999999999,59.9999999936896
12.5599999999999,59.9999999863214
12.5999999999999,60.0000000176819
12.6399999999999,60.0000000407405
12.6799999999999,60.000000036154
12.7199999999999,60.0000000246368
12.7599999999999,60.0000000218632
12.7999999999999,60.0000000242389
12.8399999999999,60.0000000074604
12.8799999999999,60.0000000074264
12.9199999999999,60.0000000088591
12.9599999999999,60.0000000102833
12.9999999999999,60.0000000051587
13.0399999999999,60.0000000056126
13.0799999999999,60.0000000098505
13.1199999999999,60.0000000023032
13.1599999999999,60.0000000064715
13.1999999999999,60.0000000033128
13.2399999999999,60.0000000054397
13.2799999999999,60.0000000070057
13.3199999999999,60.0000000075955
13.3599999999999,60.0000000038493
13.3999999999999,60.0000000052285
13.4399999999999,60.0000000223226
13.4799999999999,59.9999999937723
13.5199999999999,60.0000000079635
13.5599999999999,59.9999999788487
13.5999999999999,60.0000000220521
13.6399999999999,60.0000000209881
13.6799999999999,60.0000000007602
13.7199999999999,59.9999999971937
13.7599999999999,60.0000000102322
13.7999999999999,59.9999999534154
13.8399999999999,59.9999999991655
13.8799999999999,60.0000000181974
13.9199999999999,59.9999999719293
13.9599999999999,60.0000000012708
13.9999999999999,60.0000000149173
14.0399999999999,59.9999999744517
14.0799999999999,59.9999999972391
14.1199999999999,59.9999999931279
14.1599999999999,59.9999999838163
14.1999999999999,59.9999999635442
14.2399999999999,60.0000000002696
14.2799999999999,59.9999999998432
14.3199999999999,60.0000000298598
14.3599999999999,59.9999999714672
14.3999999999999,59.9999999796476
14.4399999999999,60.0000000309677
14.4799999999999,59.9999999376996
14.5199999999999,59.9999999840704
14.5599999999999,60.0000000086338
14.5999999999999,59.9999999585441
14.6399999999999,60.0000000395583
14.6799999999999,60.0000000015878
14.7199999999999,60.0000000188757
14.7599999999999,60.0000000547893
14.7999999999999,59.9999999532837
14.8399999999999,59.9999999626627
14.8799999999999,60.0000000315483
14.9199999999999,59.9999999770882
14.9599999999999,59.999999945451
14.9999999999999,59.9999999880654
15.0399999999999,59.9999999417992
15.0799999999999,59.9999999974466
15.1199999999999,60.0000000116418
15.1599999999999,59.9999999818501
15.1999999999999,59.9999999707289
15.2399999999999,60.0000000170118
15.2799999999999,59.9999999863787
15.3199999999998,59.9999999728569
15.3599999999998,60.0000000220724
15.3999999999998,59.9999999823423
15.4399999999998,59.9999999653444
15.4799999999998,60.0000000258638
15.5199999999998,59.9999999809739
15.5599999999998,60.0000000105954
15.5999999999998,59.9999999992604
15.6399999999998,59.9999999274305
15.6799999999998,59.9999999763549
15.7199999999998,59.9999999522238
15.7599999999998,60.0000000427288
15.7999999999998,59.9999999829817
15.8399999999998,60.0000000432539
15.8799999999998,59.9999999939453
15.9199999999998,60.0000000306398
15.9599999999998,59.9999999749829
15.9999999999998,59.9999999523478
16.0399999999998,60.0000000174206
16.0799999999998,59.999999930792
16.1199999999998,60.0000000107197
16.1599999999998,60.000000017264
16.1999999999998,59.9999999351301
16.2399999999998,60.0000001917276
16.2799999999998,59.9999998021971
16.3199999999998,59.9999999725253
16.3599999999998,59.999999863553
16.3999999999998,60.0000000822517
16.4399999999998,59.9999999418517
16.4799999999998,59.999999963493
16.5199999999998,59.9999999304206
16.5599999999998,60.0000011126671
16.5999999999998,60.0000045267681
16.6399999999998,60.0000071541881
16.6799999999998,60.0000008187889
16.7199999999998,60.000000194384
16.7599999999998,60.0000000857548
16.7999999999998,60.0000002180624
16.8399999999998,60.0000000536709
16.8799999999998,60.0000001945774
16.9199999999998,59.9999999977967
16.9599999999998,59.9999999536025
16.9999999999998,59.9999999460712
17.0399999999998,59.9999998908993
17.0799999999998,60.0000000938188
17.1199999999998,60.0000000866301
17.1599999999998,59.9999999757104
17.1999999999998,59.9999999442675
17.2399999999998,60.0000000865432
17.2799999999998,59.9999999866805
17.3199999999998,59.9999999795398
17.3599999999998,59.9999999781328
17.3999999999998,60.0000000025441
17.4399999999998,60.0000000225483
17.4799999999998,59.9999999907525
17.5199999999998,59.9999999511995
17.5599999999998,60.0000000480928
17.5999999999998,60.0000000396522
17.6399999999998,59.9999999984896
17.6799999999998,60.0000000031514
17.7199999999998,59.9999999924839
17.7599999999998,59.9999999753247
17.7999999999998,59.9999999886557
17.8399999999998,59.9999999335929
17.8799999999998,59.9999998583426
17.9199999999998,59.9999994206062
17.9599999999998,60.0000554519723
17.9999999999998,59.9999996653192
18.0399999999998,59.9999998752174
18.0799999999998,59.9999999858651
18.1199999999998,59.9999999926344
18.1599999999998,59.9999999907992
18.1999999999998,60.000000012574
18.2399999999998,60.0000000363756
18.2799999999998,60.0000000677953
18.3199999999998,59.9999999570938
18.3599999999998,59.9999999997947
18.3999999999998,60.0000000029198
18.4399999999998,60.0000000171447
18.4799999999998,59.9999999992793
18.5199999999998,60.0000000246631
18.5599999999998,60.000000037306
18.5999999999998,60.0000000368766
18.6399999999998,59.9999999830825
18.6799999999998,59.9999999985037
18.7199999999998,60.0000000042946
18.7599999999998,59.9999999845345
18.7999999999998,60.0000000316642
18.8399999999998,60.0000000018258
18.8799999999998,60.0000000243542
18.9199999999998,60.000000008801
18.9599999999998,60.0000000140168
18.9999999999998,59.9999999952007
19.0399999999998,60.0000000219951
19.0799999999998,59.9999999921766
19.1199999999998,59.9999999860188
19.1599999999998,59.9999999669438
19.1999999999998,60.0000000034215
19.2399999999998,59.9999999951248
19.2799999999998,59.999999999783
19.3199999999998,60.0000000237551
19.3599999999998,59.9999999929502
19.3999999999998,60.0000000147681
19.4399999999998,59.9999999989298
19.4799999999998,60.0000000032895
19.5199999999998,60.000000007153
19.5599999999998,60.000000010185
19.5999999999998,59.9999999941029
19.6399999999998,60.0000000017033
19.6799999999998,59.9999999939439
19.7199999999998,59.9999999899491
19.7599999999998,60.0000000009711
19.7999999999998,60.0000000215857
19.8399999999998,59.9985130815825
19.8799999999998,59.9853669742807
19.9199999999998,59.9704956584162
19.9599999999998,59.9445929159053
19.9999999999998,59.7938254005828
20.0399999999998,59.3199999827498
20.0799999999997,58.6399999855192
20.1199999999997,57.9599999625039
20.1599999999997,57.2800000148598
20.1999999999997,56.5999999729438
20.2399999999997,55.9199999787241
20.2799999999997,55.2399999939786
20.3199999999997,54.5600000126548
20.3599999999997,53.8799999749477
20.3999999999997,53.2000000000123
20.4399999999997,52.5199999824945
20.4799999999997,51.8399999728305
20.5199999999997,51.1600000068758
20.5599999999997,50.4799999895403
20.5999999999997,49.8000000075338
20.6399999999997,49.1199999675222
20.6799999999997,48.4399999765229
20.7199999999997,47.7600000153837
20.7599999999997,47.0800000244984
20.7999999999997,46.399999949847
20.8399999999997,45.7200000486605
20.8799999999997,45.0399999602145
20.9199999999997,44.3600000379949
20.9599999999997,43.6799999566694
20.9999999999997,43.0000000150614
21.0399999999997,42.3199999994406
21.0799999999997,41.6399999803776
21.1199999999997,40.9599999887819
21.1599999999997,40.2800000297273
21.1999999999997,39.5999999929729
21.2399999999997,38.9199999979371
21.2799999999997,38.2400000114581
21.3199999999997,37.5599999909288
21.3599999999997,36.8800000171072
21.3999999999997,36.2000000135339
21.4399999999997,35.5199999622059
21.4799999999997,34.8399999865774
21.5199999999997,34.1600000144856
21.5599999999997,33.4799999898501
21.5999999999997,32.8000000359911
21.6399999999997,32.1200000086609
21.6799999999997,31.4400000117107
21.7199999999997,30.7599999937593
21.7599999999997,30.0799999992482
21.7999999999997,29.4000000085945
21.8399999999997,28.7200000170742
21.8799999999997,28.0399999731984
21.9199999999997,27.3600000248157
21.9599999999997,26.6799999773313
21.9999999999997,26.0000000244065
22.0399999999997,25.3199999819798
22.0799999999997,24.640000031551
22.1199999999997,23.9599999784319
22.1599999999997,23.2800000169125
22.1999999999997,22.5999999785753
22.2399999999997,21.9200000232628
22.2799999999997,21.2399999913046
22.3199999999997,20.5599999773559
22.3599999999997,19.8799999964756
22.3999999999997,19.1999999745819
22.4399999999997,18.520000005513
22.4799999999997,17.8538038178773
22.5199999999997,17.5654208281078
22.5599999999997,17.5274860326693
22.5999999999997,17.5069055570158
22.6399999999997,17.499999960785
22.6799999999997,17.5000000669117
22.7199999999997,17.4999999640546
22.7599999999997,17.5000000743725
22.7999999999997,17.5000000364835
22.8399999999997,17.5000000200226
22.8799999999997,17.5000000248153
22.9199999999997,17.5000000298574
22.9599999999997,17.5000000516197
22.9999999999997,17.5000000368136
23.0399999999997,17.5000000610155
23.0799999999997,17.5000000600847
23.1199999999997,17.5000000021663
23.1599999999997,17.5000001020338
23.1999999999997,17.5000000672957
23.2399999999997,17.5000000797613
23.2799999999997,17.5000000563173
23.3199999999997,17.5000000771014
23.3599999999997,17.5000000665031
23.3999999999997,17.5000000819741
23.4399999999997,17.5000000822687
23.4799999999997,17.5000000855328
23.5199999999997,17.5000001109899
23.5599999999997,17.5000000965647
23.5999999999997,17.5000001454775
23.6399999999997,17.5000000886178
23.6799999999997,17.5000001009506
23.7199999999997,17.5000001038037
23.7599999999997,17.5000001118691
23.7999999999997,17.5000001084929
23.8399999999997,17.5000001138144
23.8799999999997,17.5000001210627
23.9199999999997,17.5000001220861
23.9599999999997,17.5000001272283
23.9999999999997,17.5000001229621
24.0399999999997,17.5000001343028
24.0799999999997,17.5000001382702
24.1199999999997,17.5000001419555
24.1599999999997,17.5000001224475
24.1999999999997,17.5000001670683
24.2399999999997,17.5000001299487
24.2799999999997,17.5000001720798
24.3199999999997,17.5000001361401
24.3599999999997,17.5000001799018
24.3999999999997,17.5000001434292
24.4399999999997,17.5000001837803
24.4799999999997,17.5000001540657
24.5199999999997,17.5000001887141
24.5599999999997,17.5000001583122
24.5999999999997,17.5000002002816
24.6399999999997,17.5000001631787
24.6799999999997,17.5000001868057
24.7199999999997,17.5000001966469
24.7599999999996,17.5000001916015
24.7999999999996,17.5000002033225
24.8399999999996,17.5000001839619
24.8799999999996,17.5000002228574
24.9199999999996,17.50000019446
24.9599999999996,17.5000002266553
24.9999999999996,17.5000001934756
25.0399999999996,17.5000002349934
25.0799999999996,17.5000002001811
25.1199999999996,17.5000002437082
25.1599999999996,17.5000002104118
25.1999999999996,17.5000002430988
25.2399999999996,17.5000002208571
25.2799999999996,17.5000002547851
25.3199999999996,17.5000002292517
25.3599999999996,17.500000256585
25.3999999999996,17.5000002337803
25.4399999999996,17.5000002615029
25.4799999999996,17.5000002339364
25.5199999999996,17.5000002716125
25.5599999999996,17.5000002509086
25.5999999999996,17.5000002814603
25.6399999999996,17.5000002494495
25.6799999999996,17.5000002865402
25.7199999999996,17.5000002630873
25.7599999999996,17.5000002972142
25.7999999999996,17.5000002708836
25.8399999999996,17.5000002960454
25.8799999999996,17.5000002785731
25.9199999999996,17.5000003008492
25.9599999999996,17.500000285262
25.9999999999996,17.5000003099818
26.0399999999996,17.5000002886221
26.0799999999996,17.5000002956026
26.1199999999996,17.5000003252719
26.1599999999996,17.5000003524342
26.1999999999996,17.5000002790097
26.2399999999996,17.5000003508744
26.2799999999996,17.5000003047722
26.3199999999996,17.5000003632201
26.3599999999996,17.5000003033786
26.3999999999996,17.5000003604032
26.4399999999996,17.5000003130935
26.4799999999996,17.5000003761137
26.5199999999996,17.5000003037664
26.5599999999996,17.5000003892705
26.5999999999996,17.5000003168571
26.6399999999996,17.5000003859658
26.6799999999996,17.5000003280106
26.7199999999996,17.5000003878074
26.7599999999996,17.5000003404932
26.7999999999996,17.5000003910156
26.8399999999996,17.5000003478434
26.8799999999996,17.5000004018076
26.9199999999996,17.500000355493
26.9599999999996,17.5000004177604
26.9999999999996,17.5000003289997
27.0399999999996,17.5000004437602
27.0799999999996,17.5000003711498
27.1199999999996,17.5000004103002
27.1599999999996,17.5000003854527
27.1999999999996,17.5000004078693
27.2399999999996,17.5000004134601
27.2799999999996,17.5000004003948
27.3199999999996,17.5000004265611
27.3599999999996,17.5000004119257
27.3999999999996,17.50000043114
27.4399999999996,17.5000004157485
27.4799999999996,17.5000004395811
27.5199999999996,17.5000004571292
27.5599999999996,17.5000004186302
27.5999999999996,17.5000004606435
27.6399999999996,17.5000004185457
27.6799999999996,17.5000004773209
27.7199999999996,17.500000424018
27.7599999999996,17.5000004800225
27.7999999999996,17.5000004285145
27.8399999999996,17.5000004897519
27.8799999999996,17.5000004335799
27.9199999999996,17.5000004991514
27.9599999999996,17.5000004395134
27.9999999999996,17.5000005008396
28.0399999999996,17.5000004521872
28.0799999999996,17.5000004889902
28.1199999999996,17.5000004821035
28.1599999999996,17.5000005039045
28.1999999999996,17.5000004955342
28.2399999999996,17.5000004958739
28.2799999999996,17.500000505473
28.3199999999996,17.5000005019103
28.3599999999996,17.5000005078638
28.3999999999996,17.5000005115375
28.4399999999996,17.5000005228462
28.4799999999996,17.5000005023921
28.5199999999996,17.5000005074373
28.5599999999996,17.5000005584763
28.5999999999996,17.5000005221911
28.6399999999996,17.5000004863258
28.6799999999996,17.5000005921749
28.7199999999996,17.5000005526854
28.7599999999996,17.500000560186
28.7999999999996,17.5000005644892
28.8399999999996,17.5000005725042
28.8799999999996,17.5000005858211
28.9199999999996,17.5000005990651
28.9599999999996,17.5000006169677
28.9999999999996,17.5000006755045
29.0399999999996,17.5000007310914
29.0799999999996,17.5000010239378
29.1199999999996,17.5000022849394
29.1599999999996,17.4996221594389
29.1999999999996,17.5000032295256
29.2399999999996,17.5000010255788
29.2799999999996,17.5000007038968
29.3199999999996,17.5000007495447
29.3599999999996,17.5000005926775
29.3999999999996,17.5000007009339
29.4399999999996,17.5000005720768
29.4799999999995,17.500000686067
29.5199999999995,17.5000005708357
29.5599999999995,17.5000006795556
29.5999999999995,17.5000005617974
29.6399999999995,17.5000006896105
29.6799999999995,17.5000005597267
29.7199999999995,17.5000007160136
29.7599999999995,17.5000005572031
29.7999999999995,17.5000007156094
29.8399999999995,17.5000005646226
29.8799999999995,17.5000007324741
29.9199999999995,17.5000005633313
29.9599999999995,17.5000006272985
29.9999999999995,17.5000006882913
30.0399999999995,17.5000006142176
30.0799999999995,17.5000006305755
30.1199999999995,17.5000006957765
30.1599999999995,17.5000006271024
30.1999999999995,17.5000006925306
30.2399999999995,17.5000006727767
30.2799999999995,17.5000006737656
30.3199999999995,17.5000006735159
30.3599999999995,17.5000006770399
30.3999999999995,17.5000006846247
30.4399999999995,17.5000006918946
30.4799999999995,17.5000006859531
30.5199999999995,17.500000698163
30.5599999999995,17.5000006823029
30.5999999999995,17.500000713589
30.6399999999995,17.5000006978452
30.6799999999995,17.5000007055309
30.7199999999995,17.5000006941676
30.7599999999995,17.5000007241547
30.7999999999995,17.5000007033873
30.8399999999995,17.500000731836
30.8799999999995,17.5000007164047
30.9199999999995,17.500000735273
30.9599999999995,17.5000007334577
30.9999999999995,17.5000007247379
31.0399999999995,17.5000007309496
31.0799999999995,17.5000007592327
31.1199999999995,17.5000007724896
31.1599999999995,17.5000007137866
31.1999999999995,17.5000009457867
31.2399999999995,17.5000007835682
31.2799999999995,17.5000006958908
31.3199999999995,17.5000009485776
31.3599999999995,17.5000007109499
31.3999999999995,17.5000008316264
31.4399999999995,17.5000006778069
31.4799999999995,17.5000007850293
31.5199999999995,17.5000008594289
31.5599999999995,17.5000007241881
31.5999999999995,17.5000008154633
31.6399999999995,17.5000008254897
31.6799999999995,17.5000006223874
31.7199999999995,17.5000006483102
31.7599999999995,17.5000010226857
31.7999999999995,17.5000005384676
31.8399999999995,17.5000011273857
31.8799999999995,17.5000005399372
31.9199999999995,17.5000011890818
31.9599999999995,17.5000007682656
31.9999999999995,17.5000008115212
32.0399999999995,17.5000009944843
32.0799999999995,17.500000823145
32.1199999999995,17.5000011203217
32.1599999999995,17.5000008522729
32.1999999999995,17.5000015182331
32.2399999999995,17.5000008202164
32.2799999999995,17.5000026212053
32.3199999999995,17.5000030689118
32.3599999999995,17.5000411003575
32.3999999999995,17.4997631781761
32.4399999999995,17.5000030519948
32.4799999999995,17.5000018054059
32.5199999999995,17.500001301087
32.5599999999995,17.5000011622541
32.5999999999995,17.5000010383374
32.6399999999995,17.5000010151924
32.6799999999995,17.5000009524841
32.7199999999995,17.5000011908827
32.7599999999995,17.5000009237544
32.7999999999995,17.5000009005723
32.8399999999995,17.500000893975
32.8799999999995,17.50000096669
32.9199999999995,17.5000009306138
32.9599999999995,17.5000009589446
32.9999999999995,17.5000009790631
33.0399999999995,17.5000011088653
33.0799999999995,17.5000007486417
33.1199999999995,17.5000009107254
33.1599999999995,17.5000010087891
33.1999999999995,17.5000008759192
33.2399999999995,17.5000009874689
33.2799999999995,17.5000009009799
33.3199999999995,17.5000009745678
33.3599999999995,17.5000009008751
33.3999999999995,17.500000878686
33.4399999999995,17.5000011042891
33.4799999999995,17.5000007827795
33.5199999999995,17.5000011384388
33.5599999999995,17.5000007964523
33.5999999999995,17.5000009476904
33.6399999999995,17.5000009926427
33.6799999999995,17.5000009588364
33.7199999999995,17.500000980418
33.7599999999995,17.5000009675387
33.7999999999995,17.5000009809242
33.8399999999995,17.5000009808306
33.8799999999995,17.5000009921055
33.9199999999995,17.5000009713808
33.9599999999995,17.5000010042793
33.9999999999995,17.5000009818503
34.0399999999995,17.5000010109252
34.0799999999995,17.5000009811518
34.1199999999995,17.5000010103269
34.1599999999994,17.5000010060231
34.1999999999994,17.5000011192313
34.2399999999994,17.5000009152969
34.2799999999994,17.5000011134366
34.3199999999994,17.5000009315534
34.3599999999994,17.5000011148824
34.3999999999994,17.5000009377553
34.4399999999994,17.5000011173231
34.4799999999994,17.5000009436055
34.5199999999994,17.5000011227355
34.5599999999994,17.5000009517273
34.5999999999994,17.5000009734203
34.6399999999994,17.5000010617102
34.6799999999994,17.5000010442702
34.7199999999994,17.5000010594944
34.7599999999994,17.5000010473856
34.7999999999994,17.5000010713844
34.8399999999994,17.5000010472768
34.8799999999994,17.4997597394755
34.9199999999994,17.4870555820988
34.9599999999994,17.471302122427
34.9999999999994,17.4123812597784
35.0399999999994,17.2320742659385
35.0799999999994,16.9800010232988
35.1199999999994,16.7200010854645
35.1599999999994,16.4600010150726
35.1999999999994,16.2000010913807
35.2399999999994,15.9400009714837
35.2799999999994,15.6800010470903
35.3199999999994,15.4200010418514
35.3599999999994,15.1600009761322
35.3999999999994,14.900001012369
35.4399999999994,14.6400009777456
35.4799999999994,14.3800009809154
35.5199999999994,14.1200009676461
35.5599999999994,13.8600009893175
35.5999999999994,13.6000009200301
35.6399999999994,13.3400009672103
35.6799999999994,13.0800009244559
35.7199999999994,12.8200009443233
35.7599999999994,12.5600009085931
35.7999999999994,12.3000008750702
35.8399999999994,12.0400009110521
35.8799999999994,11.7800008841661
35.9199999999994,11.5200008433933
35.9599999999994,11.260000885754
35.9999999999994,11.0000008682354
36.0399999999994,10.7400008153227
36.0799999999994,10.4800008893742
36.1199999999994,10.2200007849136
36.1599999999994,9.96000087227734
36.1999999999994,9.70000076999257
36.2399999999994,9.44000085821924
36.2799999999994,9.18000079828632
36.3199999999994,8.92000076977964
36.3599999999994,8.66000081132072
36.3999999999994,8.4000007472542
36.4399999999994,8.14000078823628
36.4799999999994,7.88000078201852
36.5199999999994,7.62000076820643
36.5599999999994,7.36000074091984
36.5999999999994,7.10000070806843
36.6399999999994,6.84000071840335
36.6799999999994,6.58000069761444
36.7199999999994,6.32000072547152
36.7599999999994,6.06000070212069
36.7999999999994,5.80000066887846
36.8399999999994,5.5400006657151
36.8799999999994,5.28000065063301
36.9199999999994,5.02000066200405
36.9599999999994,4.7600006613888
36.9999999999994,4.50000065517745
37.0399999999994,4.24000063423326
37.0799999999994,3.98000062365165
37.1199999999994,3.7200006075593
37.1599999999994,3.46000061024911
37.1999999999994,3.20000058824414
37.2399999999994,2.94000059372873
37.2799999999994,2.68000057792052
37.3199999999994,2.42000056971916
37.3599999999994,2.1600005741728
37.3999999999994,1.90000056088182
37.4399999999994,1.64000055609441
37.4799999999994,1.38000053213179
37.5199999999994,1.12000052564054
37.5599999999994,0.860000532767353
37.5999999999994,0.600000496963681
37.6399999999994,0.340000512681786
37.6799999999994,0.0800005178855145
37.7199999999994,-0.179999476596647
37.7599999999994,-0.439999499902658
37.7999999999994,-0.699999521829765
37.8399999999994,-0.959999552228616
37.8799999999994,-1.21999954054219
37.9199999999994,-1.47999954842758
37.9599999999994,-1.73999955199375
37.9999999999994,-1.99999957399542
38.0399999999994,-2.2599995840634
38.0799999999994,-2.51999958220097
38.1199999999994,-2.77999959784539
38.1599999999994,-3.03999961839768
38.1999999999994,-3.29999964497192
38.2399999999994,-3.55999961683901
38.2799999999994,-3.81999965917713
38.3199999999994,-4.0799996335259
38.3599999999994,-4.3399996547964
38.3999999999994,-4.59999966641467
38.4399999999994,-4.85999966108671
38.4799999999994,-5.11999969246297
38.5199999999994,-5.37999968767918
38.5599999999994,-5.63999969059565
38.5999999999994,-5.89999968621027
38.6399999999994,-6.15999970967021
38.6799999999994,-6.41999971505695
38.7199999999994,-6.67999972263292
38.7599999999994,-6.93999974889096
38.7999999999994,-7.19999975395352
38.8399999999993,-7.45999975864285
38.8799999999993,-7.71999977692208
38.9199999999993,-7.97999980156095
38.9599999999993,-8.23999982938421
38.9999999999993,-8.49999981340531
39.0399999999993,-8.75999989123784
39.0799999999993,-9.02000012497675
39.1199999999993,-9.28000836337882
39.1599999999993,-9.54000072751077
39.1999999999993,-9.79999999449556
39.2399999999993,-10.0599998515517
39.2799999999993,-10.319999876132
39.3199999999993,-10.5799999001914
39.3599999999993,-10.8399998015542
39.3999999999993,-11.0999999319678
39.4399999999993,-11.3599998624017
39.4799999999993,-11.6199998455431
39.5199999999993,-11.879999996784
39.5599999999993,-12.1399998467825
39.5999999999993,-12.3999999782029
39.6399999999993,-12.659999918817
39.6799999999993,-12.9199996991754
39.7199999999993,-13.1799999493525
39.7599999999993,-13.4400000298828
39.7999999999993,-13.6999997483599
39.8399999999993,-13.9599997679019
39.8799999999993,-14.2199998522868
39.9199999999993,-14.4799996381412
39.9599999999993,-14.733013211658
39.9999999999993,-14.9230576211316
40.0399999999993,-14.9765641054862
40.0799999999993,-14.9956414099124
40.1199999999993,-14.9999966020973
40.1599999999993,-14.9999993783702
40.1999999999993,-14.999999563846
40.2399999999993,-14.9999995740184
40.2799999999993,-14.9999998655944
40.3199999999993,-14.9999999336847
40.3599999999993,-14.9999997999626
40.3999999999993,-14.9999997151517
40.4399999999993,-14.9999997890295
40.4799999999993,-14.9999999572922
40.5199999999993,-15.0000000487345
40.5599999999993,-14.999999969957
40.5999999999993,-14.9999999716738
40.6399999999993,-14.9999999399674
40.6799999999993,-15.0000000481087
40.7199999999993,-14.9999999367888
40.7599999999993,-14.9999999934763
40.7999999999993,-15.0000000006496
40.8399999999993,-14.9999999615453
40.8799999999993,-14.9999999812907
40.9199999999993,-15.0000000572657
40.9599999999993,-15.0000000431928
40.9999999999993,-14.9999999314914
41.0399999999993,-14.9999999955073
41.0799999999993,-15.0000000052101
41.1199999999993,-14.999999988899
41.1599999999993,-15.0000000163072
41.1999999999993,-15.0000000421708
41.2399999999993,-14.9999999983945
41.2799999999993,-14.9999999664496
41.3199999999993,-15.0000000170383
41.3599999999993,-14.9999999768693
41.3999999999993,-14.999999987509
41.4399999999993,-15.0000000329035
41.4799999999993,-14.9999999780728
41.5199999999993,-15.0000000021757
41.5599999999993,-15.0000000168745
41.5999999999993,-15.0000000000873
41.6399999999993,-15.0000000483572
41.6799999999993,-14.9999999775915
41.7199999999993,-14.999999967723
41.7599999999993,-15.0000000392885
41.7999999999993,-14.999999987202
41.8399999999993,-14.9999999669389
41.8799999999993,-15.0000000571591
41.9199999999993,-14.9999999845447
41.9599999999993,-14.9999999899824
41.9999999999993,-15.0000000054569
42.0399999999993,-14.9999999894961
42.0799999999993,-14.9999999851594
42.1199999999993,-15.000000010515
42.1599999999993,-14.9999999931198
42.1999999999993,-15.000000001996
42.2399999999993,-14.999999999471
42.2799999999993,-14.999999995033
42.3199999999993,-14.9999999970148
42.3599999999993,-14.9999999954544
42.3999999999993,-14.9999999845546
42.4399999999993,-14.9999999933153
42.4799999999993,-14.9999999968727
42.5199999999993,-14.9999999984011
42.5599999999993,-14.9999999732729
42.5999999999993,-14.9999999769082
42.6399999999993,-14.9999999862267
42.6799999999993,-14.999999994525
42.7199999999993,-14.9999999969174
42.7599999999993,-14.9999999930167
42.7999999999993,-14.9999999921201
42.8399999999993,-14.9999999906894
42.8799999999993,-14.9999999876502
42.9199999999993,-15.0000000003283
42.9599999999993,-15.0000000090292
42.9999999999993,-15.0000000057562
43.0399999999993,-14.9999999866889
43.0799999999993,-14.9999999911148
43.1199999999993,-14.9999999716483
43.1599999999993,-14.9999999448365
43.1999999999993,-14.9999998398123
43.2399999999993,-14.9999999865685
43.2799999999993,-15.0000000046848
43.3199999999993,-15.000000002408
43.3599999999993,-15.0000000032934
43.3999999999993,-15.0000000016542
43.4399999999993,-15.0000000036617
43.4799999999993,-14.999999980606
43.5199999999992,-14.9999999768251
43.5599999999992,-14.9999999581178
43.5999999999992,-14.9999999786503
43.6399999999992,-14.9999999960134
43.6799999999992,-15.000000033245
43.7199999999992,-14.9999999674842
43.7599999999992,-14.9999999394425
43.7999999999992,-14.9999999593468
43.8399999999992,-14.9999998510352
43.8799999999992,-14.9999997922604
43.9199999999992,-15.0000002160662
43.9599999999992,-14.999999797925
43.9999999999992,-14.9999993191142
44.0399999999992,-14.9999992054947
44.0799999999992,-15.0001024278793
44.1199999999992,-14.9999985485066
44.1599999999992,-14.9999999861686
44.1999999999992,-15.0000002585184
44.2399999999992,-14.9999998000328
44.2799999999992,-15.0000000162686
44.3199999999992,-14.9999998703991
44.3599999999992,-15.0000000304179
44.3999999999992,-14.9999999008897
44.4399999999992,-15.0000000308327
44.4799999999992,-14.9999999874052
44.5199999999992,-14.9999999918237
44.5599999999992,-14.999999977983
44.5999999999992,-14.9999999551918
44.6399999999992,-15.0000000011467
44.6799999999992,-15.0000000717717
44.7199999999992,-14.9999999066201
44.7599999999992,-15.0000000848447
44.7999999999992,-15.0000000398169
44.8399999999992,-14.9999999517465
44.8799999999992,-15.0000000026626
44.9199999999992,-14.9999999924939
44.9599999999992,-14.9999999357662
44.9999999999992,-15.0000048111906
45.0399999999992,-14.9999999910169
45.0799999999992,-14.9999999827422
45.1199999999992,-14.9999999672973
45.1599999999992,-14.9999999756955
45.1999999999992,-14.9999999715264
45.2399999999992,-15.000000000984
45.2799999999992,-14.9999999830385
45.3199999999992,-15.000000049442
45.3599999999992,-15.0000000604236
45.3999999999992,-14.9999999944089
45.4399999999992,-15.0000000036619
45.4799999999992,-15.0000000087476
45.5199999999992,-15.0000000512155
45.5599999999992,-15.000000005029
45.5999999999992,-14.999999898129
45.6399999999992,-15.000000097991
45.6799999999992,-14.9999999736065
45.7199999999992,-14.9999998868928
45.7599999999992,-15.0000000267552
45.7999999999992,-14.9999999783688
45.8399999999992,-15.0000000048831
45.8799999999992,-15.0000001345083
45.9199999999992,-14.9999999470188
45.9599999999992,-15.0000000488597
45.9999999999992,-15.0000000583556
46.0399999999992,-15.0000000027104
46.0799999999992,-15.000000038544
46.1199999999992,-15.0000002450361
46.1599999999992,-15.0000000192737
46.1999999999992,-15.0000000531975
46.2399999999992,-15.000000214459
46.2799999999992,-15.0000000920434
46.3199999999992,-15.0000000245507
46.3599999999992,-15.0000008363163
46.3999999999992,-15.0000006331104
46.4399999999992,-15.0000025633778
46.4799999999992,-15.0004318050471
46.5199999999992,-15.0000010152461
46.5599999999992,-15.0000010015183
46.5999999999992,-15.0000005355042
46.6399999999992,-14.9999999678364
46.6799999999992,-15.0000002651105
46.7199999999992,-15.0000000017056
46.7599999999992,-14.9999999436854
46.7999999999992,-15.0000001107836
46.8399999999992,-15.0000000362685
46.8799999999992,-15.0000000798901
46.9199999999992,-15.0000001411559
46.9599999999992,-15.0000001026436
46.9999999999992,-15.0000001435979
47.0399999999992,-15.000000236148
47.0799999999992,-15.000000500144
47.1199999999992,-15.0000014966609
47.1599999999992,-15.0000102405999
47.1999999999992,-15.000392465307
47.2399999999992,-15.0000012163105
47.2799999999992,-15.0000006201014
47.3199999999992,-15.0000003010149
47.3599999999992,-15.0000001142503
47.3999999999992,-15.0000001436097
47.4399999999992,-15.0000001485552
47.4799999999992,-15.0000000013044
47.5199999999992,-15.000000069798
47.5599999999992,-15.0000000306024
47.5999999999992,-15.0000000697789
47.6399999999992,-14.9999999993247
47.6799999999992,-15.000000034653
47.7199999999992,-15.000000018607
47.7599999999992,-15.0000000355769
47.7999999999992,-15.0000000009856
47.8399999999992,-15.0000000369014
47.8799999999992,-15.0000000629602
47.9199999999992,-15.0000000278765
47.9599999999992,-15.0000000526824
47.9999999999992,-14.9999999526748
48.0399999999992,-15.0000000368612
48.0799999999992,-15.0000001193451
48.1199999999992,-15.0000000297052
48.1599999999992,-15.000000010491
48.1999999999992,-15.0000000532103
48.2399999999991,-15.0000000595159
48.2799999999991,-14.9999999864154
48.3199999999991,-15.000000045244
48.3599999999991,-14.9999999931036
48.3999999999991,-15.0000000360546
48.4399999999991,-15.0000000127046
48.4799999999991,-15.0000000462576
48.5199999999991,-15.0000000198331
48.5599999999991,-14.9999999832007
48.5999999999991,-15.0000000665242
48.6399999999991,-14.9999999379779
48.6799999999991,-15.0000000392944
48.7199999999991,-14.9999999960241
48.7599999999991,-15.0000000227009
48.7999999999991,-15.000000028892
48.8399999999991,-15.0000000810792
48.8799999999991,-14.9999999545552
48.9199999999991,-15.0000000599751
48.9599999999991,-14.9999999893202
48.9999999999991,-15.0000000646922
49.0399999999991,-15.0000000021624
49.0799999999991,-15.0000000254232
49.1199999999991,-15.0000000402331
49.1599999999991,-15.0000000439218
49.1999999999991,-15.0000000508084
49.2399999999991,-15.0000000749294
49.2799999999991,-15.0000000967659
49.3199999999991,-15.0000001487828
49.3599999999991,-15.000000215003
49.3999999999991,-14.9999999414459
49.4399999999991,-15.0000029552332
49.4799999999991,-15.0002640187377
49.5199999999991,-15.0000758415149
49.5599999999991,-15.0000004788585
49.5999999999991,-15.0000002666617
49.6399999999991,-15.0000002384439
49.6799999999991,-15.0000001063477
49.7199999999991,-15.0000000230185
49.7599999999991,-15.000000048652
49.7999999999991,-15.0000000677416
49.8399999999991,-15.0000000591926
49.8799999999991,-15.000000029259
49.9199999999991,-14.990973997072
49.9599999999991,-14.956744900882
49.9999999999991,-14.8579556502786
50.0399999999991,-14.5071023977472
50.0799999999991,-14.0400000178105
50.1199999999991,-13.5600000239
50.1599999999991,-13.0800000022113
50.1999999999991,-12.6000000159319
50.2399999999991,-12.1199999940594
50.2799999999991,-11.6400000157579
50.3199999999991,-11.1600000115812
50.3599999999991,-10.6799999989317
50.3999999999991,-10.2000000193225
50.4399999999991,-9.71999999649285
50.4799999999991,-9.24000002347561
50.5199999999991,-8.7600000071455
50.5599999999991,-8.28000000773938
50.5999999999991,-7.8000000343552
50.6399999999991,-7.32000000416515
50.6799999999991,-6.84000003174504
50.7199999999991,-6.36000000950897
50.7599999999991,-5.88000003090974
50.7999999999991,-5.40000003969827
50.8399999999991,-4.91999998083012
50.8799999999991,-4.44000005247461
50.9199999999991,-3.96000003248471
50.9599999999991,-3.48000001015948
50.9999999999991,-3.0000000799747
51.0399999999991,-2.51999999147128
51.0799999999991,-2.04000009587153
51.1199999999991,-1.5600001012866
51.1599999999991,-1.08000005736138
51.1999999999991,-0.600000209560622
51.2399999999991,-0.120000082042787
51.2799999999991,0.359999687062636
51.3199999999991,0.839999489921297
51.3599999999991,1.31999909454589
51.3999999999991,1.79999806746039
51.4399999999991,2.27998760157498
51.4799999999991,2.75704540625986
51.5199999999991,3.23999917038744
51.5599999999991,3.71999884043744
51.5999999999991,4.1999994406085
51.6399999999991,4.67999961705876
51.6799999999991,5.15999976523875
51.7199999999991,5.63999983943839
51.7599999999991,6.11999990373584
51.7999999999991,6.59999987087562
51.8399999999991,7.07999996439197
51.8799999999991,7.55999990177243
51.9199999999991,8.03999992714262
51.9599999999991,8.51999996734187
51.9999999999991,8.99999997244178
52.0399999999991,9.47999998079148
52.0799999999991,9.95999997534032
52.1199999999991,10.4399999799772
52.1599999999991,10.9199999867755
52.1999999999991,11.399999997465
52.2399999999991,11.8799999699659
52.2799999999991,12.3599999859876
52.3199999999991,12.8399999777359
52.3599999999991,13.3199999936432
52.3999999999991,13.8000000024461
52.4399999999991,14.279999968962
52.4799999999991,14.7599999968684
52.5199999999991,15.239999990101
52.5599999999991,15.719999983523
52.5999999999991,16.2000000058834
52.6399999999991,16.6799999851911
52.6799999999991,17.1600000023253
52.7199999999991,17.6399999798701
52.7599999999991,18.1199999772482
52.7999999999991,18.6000000049668
52.8399999999991,19.0799999806449
52.8799999999991,19.5600000067447
52.919999999999,20.0400000158202
52.959999999999,20.519999953264
52.999999999999,21.0000000335245
53.039999999999,21.4799999935593
53.079999999999,21.9599999964398
53.119999999999,22.4400000110932
53.159999999999,22.9199999617341
53.199999999999,23.4000000196821
53.239999999999,23.8799999844458
53.279999999999,24.3599999991987
53.319999999999,24.8400000048724
53.359999999999,25.3200000043007
53.399999999999,25.8000000301266
53.439999999999,26.2799999267705
53.479999999999,26.760000094909
53.519999999999,27.2399999363592
53.559999999999,27.7199999985862
53.599999999999,28.2000000319639
53.639999999999,28.6799999106549
53.679999999999,29.1600001146441
53.719999999999,29.6399999095133
53.759999999999,30.1200000206144
53.799999999999,30.600000013436
53.839999999999,31.0799999900598
53.879999999999,31.5600000245782
53.919999999999,32.0399999685415
53.959999999999,32.5199999436121
53.999999999999,33.0000000409177
54.039999999999,33.4799999873917
54.079999999999,33.9599999797018
54.119999999999,34.4400000299246
54.159999999999,34.9199999372816
54.199999999999,35.4000000434564
54.239999999999,35.8799999908932
54.279999999999,36.3599999737361
54.319999999999,36.8400000418978
54.359999999999,37.3199999529599
54.399999999999,37.8000000285135
54.439999999999,38.2799999964694
54.479999999999,38.7600000313072
54.519999999999,39.2400000230107
54.559999999999,39.7199999363804
54.599999999999,40.2000000418865
54.639999999999,40.6799999507994
54.679999999999,41.1599999692109
54.719999999999,41.6400000028201
54.759999999999,42.1200000064355
54.799999999999,42.599999987115
54.839999999999,43.0800000030045
54.879999999999,43.5600001114616
54.919999999999,44.0399999466695
54.959999999999,44.5039622586267
54.999999999999,44.8191258319239
55.039999999999,44.9372935616436
55.079999999999,44.9663746419901
55.119999999999,44.9905835536574
55.159999999999,44.9999995584855
55.199999999999,45.0000001621798
55.239999999999,44.9999999777452
55.279999999999,44.9999997392506
55.319999999999,45.0000001588303
55.359999999999,44.9999997279855
55.399999999999,44.9999998644116
55.439999999999,45.0000002059564
55.479999999999,44.9999972361831
55.519999999999,45.0002583428754
55.559999999999,45.0000048740643
55.599999999999,45.0000000515367
55.639999999999,44.9999991789688
55.679999999999,45.0000005758411
55.719999999999,44.9999996536609
55.759999999999,45.0000002514581
55.799999999999,45.0000000975232
55.839999999999,44.9999997152765
55.879999999999,45.0000001221614
55.919999999999,44.9999998835976
55.959999999999,44.9999999799284
55.999999999999,44.9999998693116
56.039999999999,45.0000000404621
56.079999999999,44.9999998816391
56.119999999999,44.9999998740227
56.159999999999,44.9999998314295
56.199999999999,44.9999998172668
56.239999999999,44.9999996866351
56.279999999999,44.9999995389437
56.319999999999,44.9999995077887
56.359999999999,44.9999983173049
56.399999999999,44.9999968542302
56.439999999999,44.9999658383874
56.479999999999,45.0013631297815
56.519999999999,44.9999974832728
56.559999999999,44.9999992894108
56.599999999999,44.9999988992966
56.639999999999,44.9999998486145
56.679999999999,44.9999997016549
56.719999999999,44.999999768139
56.759999999999,44.9999999801397
56.799999999999,44.9999997434549
56.839999999999,45.0000000247609
56.879999999999,44.9999998674389
56.919999999999,44.9999999161286
56.959999999999,45.0000000467812
56.999999999999,44.9999998483473
57.039999999999,45.0000000105499
57.079999999999,44.9999999603301
57.119999999999,44.9999999441169
57.159999999999,45.0000000807744
57.199999999999,44.9999999356351
57.239999999999,45.0000000033691
57.279999999999,44.9999999667782
57.319999999999,44.9999999771108
57.359999999999,45.0000000289103
57.399999999999,44.9999999209831
57.439999999999,44.9999999971126
57.479999999999,44.9999999798771
57.519999999999,44.9999999764769
57.559999999999,45.0000000107939
57.5999999999989,45.0000000214738
57.6399999999989,45.0000000090273
57.6799999999989,44.9999999475835
57.7199999999989,45.0000000191334
57.7599999999989,44.9999999451956
57.7999999999989,45.0000000848038
57.8399999999989,44.9999999457766
57.8799999999989,44.9999999852796
57.9199999999989,44.9999999868777
57.9599999999989,44.999999991742
57.9999999999989,44.9999999552564
58.0399999999989,45.0000001282105
58.0799999999989,44.9999998576442
58.1199999999989,45.0000002095494
58.1599999999989,44.9999999959156
58.1999999999989,44.999999861718
58.2399999999989,45.0000005515687
58.2799999999989,44.999999661297
58.3199999999989,45.0000000729985
58.3599999999989,45.0000005276529
58.3999999999989,44.9999997115793
58.4399999999989,45.0000025453669
58.4799999999989,45.0000014193677
58.5199999999989,44.9994724409674
58.5599999999989,44.9999937740747
58.5999999999989,45.0000017776073
58.6399999999989,44.9999992726796
58.6799999999989,45.0000006909267
58.7199999999989,45.0000000257167
58.7599999999989,45.0000000995303
58.7999999999989,45.0000001479659
58.8399999999989,44.9999996474737
58.8799999999989,45.0000001393954
58.9199999999989,44.9999999768339
58.9599999999989,44.9999998399381
58.9999999999989,45.000000207361
59.0399999999989,44.9999998445921
59.0799999999989,44.9999998630172
59.1199999999989,45.0000001650888
59.1599999999989,44.9999999126855
59.1999999999989,45.0000000584438
59.2399999999989,45.0000000455853
59.2799999999989,44.9999999800004
59.3199999999989,45.0000000967968
59.3599999999989,45.000000024977
59.3999999999989,45.0000000922753
59.4399999999989,44.9999999320343
59.4799999999989,45.0000000294516
59.5199999999989,45.0000000263974
59.5599999999989,44.9999999036349
59.5999999999989,45.0000000727046
59.6399999999989,44.9999999358017
59.6799999999989,45.0000000590207
59.7199999999989,45.000000007799
59.7599999999989,44.9999999547128
59.7999999999989,44.9999999958341
59.8399999999989,45.0000000128336
59.8799999999989,44.9999999703175
59.9199999999989,45.0000000401991
59.9599999999989,44.999999975763
59.9999999999989,45.0000000048634
60.0399999999989,45.0000000085793
60.0799999999989,44.9999999897999
60.1199999999989,45.0000000119607
60.1599999999989,45.0000000098803
60.1999999999989,45.0000000268545
60.2399999999989,44.9999999996126
60.2799999999989,44.9999999616534
60.3199999999989,45.0000000252673
60.3599999999989,44.9999999557745
60.3999999999989,45.0000000606006
60.4399999999989,44.9999999825848
60.4799999999989,44.9999999640084
60.5199999999989,45.0000000342773
60.5599999999989,44.9999999755741
60.5999999999989,45.0000000101221
60.6399999999989,45.0000000177104
60.6799999999989,44.999999981589
60.7199999999989,45.0000000158212
60.7599999999989,44.9999999980484
60.7999999999989,45.0000000139668
60.8399999999989,45.0000000301102
60.8799999999989,44.9999999844291
60.9199999999989,45.0000000133831
60.9599999999989,45.000000023996
60.9999999999989,45.0000000084049
61.0399999999989,45.0000000361882
61.0799999999989,45.000000016901
61.1199999999989,45.000000020071
61.1599999999989,45.0000000437269
61.1999999999989,45.0000000240853
61.2399999999989,45.0000000354393
61.2799999999989,45.0000001363019
61.3199999999989,45.0000000296241
61.3599999999989,45.0000001972558
61.3999999999989,45.0000003080577
61.4399999999989,45.0000006887298
61.4799999999989,45.0000037432356
61.5199999999989,44.9994828921816
61.5599999999989,44.9999987582532
61.5999999999989,45.0000009972308
61.6399999999989,44.9999999136677
61.6799999999989,45.0000002454138
61.7199999999989,45.0000001855884
61.7599999999989,44.9999997940629
61.7999999999989,45.0000003863519
61.8399999999989,44.9999998792173
61.8799999999989,45.0000001230791
61.9199999999989,44.9999999521355
61.9599999999989,44.9999998888984
61.9999999999989,45.0000000757462
62.0399999999989,45.0000000082712
62.0799999999989,45.0000000112114
62.1199999999989,45.0000000452664
62.1599999999989,45.0000000901634
62.1999999999989,44.9999999819171
62.2399999999989,45.0000000336104
62.2799999999989,45.0000000156197
62.3199999999988,45.0000000110413
62.3599999999988,44.9999999929757
62.3999999999988,45.0000000473073
62.4399999999988,44.9999999880104
62.4799999999988,45.0000000026261
62.5199999999988,45.0000000103519
62.5599999999988,44.999999993744
62.5999999999988,44.9999999830936
62.6399999999988,45.0000000554845
62.6799999999988,44.9999999517533
62.7199999999988,45.0000000516803
62.7599999999988,45.0000000003472
62.7999999999988,45.0000000900039
62.8399999999988,44.9999999961245
62.8799999999988,44.9999999404516
62.9199999999988,45.0000000447241
62.9599999999988,44.9999999466256
62.9999999999988,45.0000000401694
63.0399999999988,45.0000000667952
63.0799999999988,44.9999999823265
63.1199999999988,45.0000000131082
63.1599999999988,45.0000000111186
63.1999999999988,44.9999999863146
63.2399999999988,44.999999988111
63.2799999999988,45.0000001030119
63.3199999999988,44.9999998403648
63.3599999999988,45.000000074988
63.3999999999988,45.0000000312804
63.4399999999988,44.9999999642477
63.4799999999988,45.000000096809
63.5199999999988,44.9999998770818
63.5599999999988,44.9999999315844
63.5999999999988,45.0000000067662
63.6399999999988,44.9999999563544
63.6799999999988,44.9999999998417
63.7199999999988,44.9999999518967
63.7599999999988,45.0000000197835
63.7999999999988,44.9999999336683
63.8399999999988,45.0000000869944
63.8799999999988,44.9999999766189
63.9199999999988,45.0000000208697
63.9599999999988,45.0000000350936
63.9999999999988,44.9999998973694
64.0399999999988,45.0000000854291
64.0799999999988,44.9999999555931
64.1199999999988,45.0000001442123
64.1599999999988,44.9999999319517
64.1999999999988,44.9999998663215
64.2399999999988,45.0000000138791
64.2799999999989,45.0000000720099
64.3199999999989,44.9999997818299
64.3599999999989,44.9999999253297
64.3999999999989,44.9999996270719
64.4399999999989,44.9999993331659
64.4799999999989,44.9999963466257
64.5199999999989,45.0006932937642
64.5599999999989,45.0000011547502
64.5999999999989,44.9999990177219
64.6399999999989,44.9999998575497
64.6799999999989,44.9999999792848
64.7199999999989,44.9999998006086
64.7599999999989,45.0000000138983
64.7999999999989,44.9999999709812
64.8399999999989,44.9999999633264
64.8799999999989,44.9999999999754
64.919999999999,44.999999955259
64.959999999999,45.0000000015568
64.999999999999,44.9999999766807
65.039999999999,44.9999999992876
65.079999999999,44.9999999897561
65.119999999999,44.999999981846
65.159999999999,45.0000000022986
65.199999999999,44.9999999730814
65.239999999999,44.99999999049
65.279999999999,44.9999999998863
65.319999999999,44.9999999755259
65.359999999999,45.0000000058966
65.399999999999,44.9999999858875
65.439999999999,45.0000000073287
65.479999999999,44.999999994114
65.519999999999,45.0000000104138
65.5599999999991,45.0000000122923
65.5999999999991,44.9999999601339
65.6399999999991,44.9999999796673
65.6799999999991,44.9999999827658
65.7199999999991,45.0000000178193
65.7599999999991,44.9999999706919
65.7999999999991,45.0000000486593
65.8399999999991,44.9999999724129
65.8799999999991,44.9999999671053
65.9199999999991,45.0000000240504
65.9599999999991,44.999999969172
65.9999999999991,45.0000000363608
66.0399999999991,44.9999999785287
66.0799999999991,44.9999999564763
66.1199999999991,45.0000000396798
66.1599999999991,44.9999999764786
66.1999999999992,45.0000000536589
66.2399999999992,44.9999999717637
66.2799999999992,44.9999999493576
66.3199999999992,45.0000000121766
66.3599999999992,45.0000000079904
66.3999999999992,44.9999999836296
66.4399999999992,45.0000000013983
66.4799999999992,44.9999999789267
66.5199999999992,45.0000000011437
66.5599999999992,45.0000000049804
66.5999999999992,44.9999999847203
66.6399999999992,45.0000000025798
66.6799999999992,44.999999988618
66.7199999999992,45.0000000062793
66.7599999999992,44.9999999800766
66.7999999999992,44.9999999956307
66.8399999999993,45.0000000051922
66.8799999999993,44.9999999832865
66.9199999999993,44.9999999912083
66.9599999999993,45.0000000124011
66.9999999999993,44.9999999664697
67.0399999999993,45.0000000436261
67.0799999999993,44.9999999653585
67.1199999999993,44.9999999892755
67.1599999999993,45.0000000161789
67.1999999999993,44.9999999340684
67.2399999999993,45.0000000428153
67.2799999999993,45.0000000951644
67.3199999999993,45.0000001141349
67.3599999999993,44.9999995248804
67.3999999999993,45.0000002828447
67.4399999999993,44.9999979863628
67.4799999999994,45.0000003021615
67.5199999999994,45.0008218708571
67.5599999999994,44.9999980466748
67.5999999999994,45.0000002879711
67.6399999999994,44.9999997484142
67.6799999999994,44.9999996353269
67.7199999999994,45.0000001771656
67.7599999999994,44.9999998368616
67.7999999999994,44.9999999243114
67.8399999999994,45.0000002656477
67.8799999999994,45.0000001534756
67.9199999999994,44.9999999089143
67.9599999999994,45.0000000532662
67.9999999999994,45.0000002155168
68.0399999999994,45.0000001772843
68.0799999999994,44.9999999854558
68.1199999999995,45.0000000638174
68.1599999999995,45.0000001687759
68.1999999999995,45.000000087455
68.2399999999995,45.000000261906
68.2799999999995,45.0000003707577
68.3199999999995,45.0000005710066
68.3599999999995,45.0000011714341
68.3999999999995,45.000003280432
68.4399999999995,45.0000326323621
68.4799999999995,44.9986453274902
68.5199999999995,45.0000029008335
68.5599999999995,45.0000008536577
68.5999999999995,45.0000007461752
68.6399999999995,45.000000171979
68.6799999999995,45.000000229395
68.7199999999995,45.0000001643537
68.7599999999996,45.0000001251552
68.7999999999996,45.0000002272999
68.8399999999996,45.0000000444411
68.8799999999996,45.0000000757678
68.9199999999996,45.000000086508
68.9599999999996,45.0000000594171
68.9999999999996,45.0000000985161
69.0399999999996,45.0000000017527
69.0799999999996,45.0000000357761
69.1199999999996,45.000000065115
69.1599999999996,45.0000000098094
69.1999999999996,45.0000000249389
69.2399999999996,45.0000000531443
69.2799999999996,45.000000013576
69.3199999999996,45.0000000207637
69.3599999999996,45.0000000277212
69.3999999999997,44.9999999882995
69.4399999999997,45.0000000423111
69.4799999999997,45.00000004165
69.5199999999997,45.0000000076193
69.5599999999997,45.0000000390997
69.5999999999997,45.0000000223894
69.6399999999997,45.0000000371926
69.6799999999997,45.0000000201415
69.7199999999997,45.0000000168859
69.7599999999997,45.0000000378681
69.7999999999997,45.0000000248171
69.8399999999997,45.0000000367901
69.8799999999997,45.0000000079791
69.9199999999997,45.0000000676509
69.9599999999997,45.000000108105
70,44.9999999443284
